AERODROME;Location Indicator;Visible;Latitude;LatitudeDecimal;Longitude;LongitudeDecimal;Location;Elevation;RWY1;Dimensions1 (m);Surface1;Light1;RWY2;Dimensions2 (m);Surface2;Light2;ATS;Fuel;COM FREQ (MHz);Category;AIP;Owner/Operator;TEL Fax1;TEL Fax2;Regulations and restrictions;Remarks
ALINGSÅS;ESGI;Y;575659;57,9497222222;123441;12,5780555556;1.8 NM NE;226 ft;01/19;600x30;Grass;No;;;;;-;100LL;123,650;Non-licensed AD;N;Alingsås flygklubb;+46 (0)322 148 87;+46 (0)322 63 31 98;;
ARBOGA;ESQO;Y;592318;59,3883333333;155515;15,9208333333;2 NM SE;33 ft;15/33;2000x40;ASPH;No;;;;;-;-;123,150;Non-licensed AD;N;SAAB;+46 (0)589 800 00;;PPR;Limited fire fighting, rescue and handling service O/R. Glider flying
ARBRÅ;ESUB;Y;613045;61,5125;162221;16,3725;1.5 NM N;378 ft;18/36;700x30;Grass;No;;;;;-;91/96;123,200;Non-licensed AD;N;Arbrå flygklubb;+46 (0)278 454 54;+46 (0)705 84 07 00;;
ARVIDSJAUR;ESNX;Y;653225;65,5402777778;191655;19,2819444444;2.5 NM E;1245 ft;12/30;2500x45;ASPH;Yes;;;;;TWR/AFIS;;Yes;Licensed, instrument AD;Y;Municipal;;;;
ARVIKA;ESKV;Y;594030;59,675;123822;12,6394444444;NE 2 NM from Arvika;237 ft;01/19;1150x30;ASPH;Yes;;;;;;100LL;123,350;Non-licensed AD;N;Arvika flygklubb;+46 (0)455 756 37;+46 (0)705 69 53 37;More than three TGL only permitted weekdays 0700-1600 (0600-1500).;THR 19 displaced 200 m. PCL on frequency 123.350 MHz for 10 seconds. After departure, no left turn until passing S of highway 61. Other activities including motor vehicles may occur on RWY, TWY and APN. Wildlife common in aerodrome area. Credit cards accepted for payment of fuel. info@arvikaflygklubb.se www.arvikaflygklubb.se
AVESTA;ESVA;Y;601049;60,1802777778;160722;16,1227777778;2.6 NM NNW;320 ft;15/33;850x40;Grass;No;;;;;;91/96;123,550;Non-licensed AD;N;Avesta flygklubb;+46 (0)226 221 23;+46 (0)226 128 86;;THR 15 displaced 50 m. Glider flying
BORGLANDA;ESMB;Y;565147;56,8630555556;163922;16,6561111111;0.7 NM SW Borgholm;118 ft;03/21;625x50;Grass;No;;;;;-;-;123,550;Non-licensed AD;N;Municipal;+46 (0)485 104 00 (AD);+46 (0)706 62 07 95;PPR OCT-APR;Right hand traffic circuit to RWY 03.
BORLÄNGE;ESSD;Y;602520;60,4222222222;153054;15,515;4 NM SSE;503 ft;14/32;2313x45;ASPH;Yes;12/30;720x50;Grass;No;TWR;;Yes;Licensed, instrument AD;Y;Municipal;;;;
BORÅS;ESGE;Y;574145;57,6958333333;125042;12,845;3.5 NM SW;588 ft;04L/22R;800x18;ASPH;Yes;04R/22L;800x50;Grass;No;;100LL;123,525;Licensed AD;N;Municipal / OPR Borås flygplatsförening;+46 (0)708 15 86 11;;PPR during 15 NOV-15 APR. Flying activity only permitted : MON-THU 0600-2100 (0500-2000) FRI 0600-1900 (0500-1800) SAT-SUN SEP-MAY 0700-1900 (0600-1800) SAT-SUN JUN-AUG 0700-1700 (0600-1600). Flying activity are not allowed Good Friday, Easter Eve, Whitsun Eve, Whitsunday, Midsummer Eve, first connected SAT-SUN in JUL, Christmas Eve, Christmas Day and Day after Christmas Day. Landing with gliders excepted from hours and days above.;Grass surface soft at precipitation. For gliders right hand traffic circuit to RWY 04R. PCL on freq 123.525 MHz, 10 sec duration. After take-off RWY 22R/L turn left immediately.
BRATTFORSHEDEN;ESSM;Y;593630;59,6083333333;135444;13,9122222222;;588 ft;08/26;800x50;Grass;Yes;;;;;;100LL;-;Non-licensed AD;N;Brattforshedens flygklubb;+46 (0)553 210 71;;;APR-OCT extensive winchlaunching of gliders.
BUNGE;ESVB;Y;575100;57,85;190218;19,0383333333;0.5 NM SE;66 ft;09/27;675x30;ASPH;No;16/34;675x30;ASPH;No;-;;123,400;Non-licensed AD;N;Private;+46 (0)498 22 11 92;+46 (0)702 15 30 00;PPR;
DALA-JÄRNA;ESKD;Y;603322;60,5561111111;142238;14,3772222222;5 NM ENE Vansbro;773 ft;03/21;900x24;ASPH;Yes;;;;;;100LL;123,350;Non-licensed AD;N;Västerdalarnas flygklubb;+46 (0)281 203 82;+46 (0)281 202 60;;THR 03 displaced 100 m.
EDSBYN;ESUY;Y;612313;61,3869444444;155000;15,8333333333;1 NM NE;515 ft;11/29;700x40;Grass;No;;;;;;80/87;123,550;Non-licensed AD;N;Edsbyn flygklubb;+46 (0)271 211 50;+46 (0)271 222 14;;THR 11 displaced 160 m.
EKSHÄRAD;ESKH;Y;600917;60,1547222222;133143;13,5286111111;1.5 NM SSE;460 ft;15/33;540x45;Grass;No;;;;;;100LL;-;Non-licensed AD;N;Ekshärad flygklubb;+46 (0)563 404 66;+46 (0)563 400 01;;THR 15 displaced 115 m.
EKSJÖ/Ränneslätt;ESMC;Y;573959;57,6663888889;145649;14,9469444444;0.5 NM W;720 ft;01/19;1000x30;Grass;No;;;;;;91/96;123,425;Non-licensed AD;N;Norra Smålands flygklubb;+46 (0)381 160 50;;PPR TEL +46 (0)381 180 00 (I12);THR 01 displaced 200 m. THR 19 displaced 120 m. Right hand traffic circuit to RWY 01. Within ES R39
ENKÖPING/Långtora;ESVL;Y;594450;59,7472222222;170842;17,145;6.5 NM NNE Enköping;49 ft;12/30;720x200;Grass;No;07/25;670x200;Grass;No;;91/96;123,525;Non-licensed AD;N;Stockholms segelflygklubb;+46 (0)706 68 50 11;;PPR See website. Repeated/practice take-offs and landings not allowed.;Glider traffic, circuit always north of RWY. Motor traffic, circuit always south of RWY. www.ssfk.se Mainly gliding activity from APR-OCT.
ESKILSTUNA;ESSU;Y;592108;59,3522222222;164230;16,7083333333;6 NM E;140 ft;18/36;1886x35;ASPH/CONC;Yes;;;;;AFIS;;Yes;Licensed, instrument AD;Y;Municipal;;;;
ESKILSTUNA/Ekeby;ESSC;Y;592302;59,3838888889;162631;16,4419444444;;43 ft;05/23;850x150;Grass;No;;;;;;91/96;123,200;Non-licensed AD;N;Municipal;+46 (0)16 51 34 89;+46 (0)16 14 03 57;PPR;Fax +46 (0)16 51 34 77. For gliding only.
ESLÖV;ESME;Y;555054;55,8483333333;131952;13,3311111111;1 NM NE;296 ft;12/30;799x20;ASPH;No;06/24;450x30;Grass;No;;100LL;123,150;Non-licensed AD;N;Municipal;+46 (0)705 54 70 00;;PPR for take-off/landing exercises by visiting ACFT, +46 (0)705 54 70 00. RWY 06/24 not to be used for repeated take-off/landing exercises. Right hand traffic circuit when RWY 24 and 30 is in use.;THR 06 displaced 90 m.
FAGERHULT;ESMF;Y;562316;56,3877777778;132814;13,4705555556;1 NM N;378 ft;17/35;530x30;Grass;No;;;;;-;;-;Non-licensed AD;N;Skånes Fagerhults flygklubb;+46 (0)433 124 42;+46 (0)706 22 34 16;;THR 17 displaced 100 m. THR 35 displaced 30 m.
FALKENBERG/Morup;ESGF;Y;565817;56,9713888889;122321;12,3891666667;;36 ft;09/27;700x30;Grass;Yes;;;;;;100LL;-;Non-licensed AD;N;Falkenbergs flygklubb;+46 (0)346 944 80;+46 (0)346 943 13;;
FALKÖPING;ESGK;Y;581012;58,17;133516;13,5877777778;NE 1.5 NM from Falköping;785 ft;04/22;1316x30;ASPH;Yes;;;;;;100LL O/R;123,250;Non-Licensed AD;N;Municipal;+46 (0)515 806 30;;PPR NOV-APR;PCL on freq 123.250 MHz. Right hand circuit to RWY 04. APR-OCT, winch launching of gliders. Infrequent winter maintenance. Other activities may occur on RWY, TWY and apron.
FJÄLLBACKA;ESTF;Y;583749;58,6302777778;111813;11,3036111111;1.5 NM NNE;6 ft;06/24;800x30;Grass;Yes;;;;;;100 LL;123,200;Non-licensed AD;N;Municipal;+46 (0)525 180 00 (Exch);+46 (0)525 106 65;PPR 1 SEP - 30 APR; +46 (0)705 12 49 35 Fax +46 (0)525 616 17
GAGNEF;ESVG;Y;603303;60,5508333333;150441;15,0780555556;2.7 NM S;575 ft;08/26;600x30;Grass;No;;;;;-;;123,550;Non-licensed AD;N;Gagnef-Mockfjärds flygklubb;+46 (0)241 511 40;+46 (0)705 90 40 76;;Right hand traffic circuit to RWY 08.
GARGNÄS;ESUG;Y;651819;65,3052777778;175832;17,9755555556;0.3 NM SE;980 ft;17/35;940x30;Grass;No;;;;;;100LL;123,450;Non-licensed AD;N;Municipal;+46 (0)952 213 29;+46 (0)952 212 08;PPR; +46 (0)706 07 27 32. THR 17 displaced 50 m. THR 35 displaced 90 m. Right hand traffic circuit to RWY 35.
GRYTTJOM;ESKG;Y;601710;60,2861111111;172546;17,4294444444;4.5 NM SW Tierp;105 ft;18/36;900x30;Grass;No;;;;;;91/96 Jet A1;-;Non-licensed AD;N;Stockholms fallskärmsklubb;+46 (0)293 500 60;+46 (0)293 502 51;;Right hand traffic circuit to RWY 36. MAY-OCT intensive parachute jumping. Rough RWY surface
GÄLLIVARE;ESNG;Y;670759;67,1330555556;204844;20,8122222222;3.8 NM E;1027 ft;12/30;1714x45;ASPH;Yes;;;;;AFIS;;Yes;Licensed, instrument AD;Y;Municipal;;;;
GÄVLE;ESSK;Y;603536;60,5933333333;165705;16,9513888889;8 NM SW;224 ft;18/36;2000x45;ASPH;Yes;;;;;AFIS;;Yes;Licensed, instrument AD;Y;Municipal;;;;
GÖTEBORG/Landvetter;ESGG;Y;573936;57,66;121728;12,2911111111;11 NM ESE;507 ft;03/21;3299x45;ASPH;Yes;;;;;TWR;;Yes;Licensed, instrument AD;Y;Swedavia AB;;;;
GÖTEBORG/Säve;ESGP;Y;574632;57,7755555556;115214;11,8705555556;5 NM NW;59 ft;01/19;2039x45;ASPH;Yes;;;;;TWR;;Yes;Licensed, instrument AD;Y;Municipal;;;;
GÖTENE/Brännebrona;ESGN;Y;583443;58,5786111111;133638;13,6105555556;4.3 NM NE Götene;259 ft;12/30;600x40;Grass;No;;;;;91/96;;123,400;Non-licensed AD;N;Brännebrona flygklubb;+46 (0)511 532 84;+46 (0)707 98 19 94;;
HAGFORS;ESOH;Y;600116;60,0211111111;133444;13,5788888889;5.4 NM NE;474 ft;18/36;1509x30;ASPH;Yes;;;;;AFIS;;Yes;Licensed, instrument AD;Y;Municipal;;;;
HAGSHULT;ESMV;Y;571732;57,2922222222;140814;14,1372222222;7 NM NNE Värnamo;555 ft;04/22;2050x40;ASPH;Yes;;;;;-;;136,250;MIL, non-licensed AD;N;Military;+46 (0)457 47 10 00;;PPR Ronneby Airport Manager F17 TEL +46 (0)457 47 10 00;
HALLVIKEN;ESNA;Y;634418;63,7383333333;152732;15,4588888889;8 NM SSW Strömsund;1119 ft;14/32;1000x20;ASPH;No;;;;;;100LL 91/96UL;123,550;Non-licensed AD;N;Municipal;+46 (0)670 400 86;;;THR 14 displaced 200 m.
HALMSTAD;ESMT;Y;564127;56,6908333333;124912;12,82;1 NM NW;101 ft;01/19;2261x45;ASPH;Yes;;;;;TWR;;Yes;Licensed, instrument AD;Y;Municipal;;;;
HEDE/Hedlanda;ESNC;Y;622432;62,4088888889;134450;13,7472222222;6 NM E;1460 ft;06/24;1175x33;ASPH;No;;;;;;100LL;123,150;Non-licensed AD;N;Hedlanda Flygförening;+46 (0)684 120 92 (AD);+46 (0)684 66 85 90;;
HEMAVAN TÄRNABY;ESUT;Y;654822;65,8061111111;150458;15,0827777778;0.5 NM SSW;1503 ft;15/33;1444x30;ASPH;Yes;;;;;AFIS;;Yes;Licensed, instrument AD;Y;Municipal;;;;
HERRLJUNGA;ESGH;Y;580146;58,0294444444;130629;13,1080555556;3.8 NM SE;480 ft;18/36;900x70;Grass;No;;;;;100LL;;123,650;Non-licensed AD;N;Herrljunga flygklubb;+46 (0)513 230 29;+46 (0)513 502 19;;THR 18 displaced 75 m. THR 36 displaced 135 m.
HUDIKSVALL;ESNH;Y;614606;61,7683333333;170450;17,0805555556;2.7 NM NNW;95 ft;12/30;1320x30;ASPH;No;;;;;Jet A1 O/R;;-;Non-licensed AD;N;Airlift Helicopter Sweden AB;+46 (0)650 165 00;+46 (0)703 92 40 48;PPR;THR 12 displaced 89 m. THR 30 displaced 180 m.
HULTSFRED-VIMMERBY;ESSF;Y;573133;57,5258333333;154924;15,8233333333;NNW 2 NM Hultsfred;365 ft;12/30;1945x40;CONC;Yes;;;;;;100LL O/R Jet A1 O/R;123,050;Non-licensed AD;N;Private;+46 (0)495 100 10;;PPR;PCL by 5 pulses of aprx 1 sec duration on freq 123.050 MHz.
HÄLLEFORS;ESVH;Y;595203;59,8675;142525;14,4236111111;6 NM NW;600 ft;18/36;720x15;Gravel;No;;;;;;100LL;123,150;Non-licensed AD;N;Hällefors flygklubb;+46 (0)591 170 82 (AD);+46 (0)591 121 90;;THR 18 displaced 130 m. THR 36 displaced 180 m. Right hand traffic circuit to RWY 36.
HÄRNÖSAND/Myran;ESUH;Y;623801;62,6336111111;175853;17,9813888889;;271 ft;10/28;800x23;Gravel;No;;;;;;100LL;123,450;Non-licensed AD;N;Härnösand flygklubb;+46 (0)611 167 60;+46 (0)611 186 44;; +46 (0)611 155 26. +46 (0)611 229 96. Right hand traffic circuit to RWY 28.
HÄSSLEHOLM/Bokeberg;ESFA;Y;560801;56,1336111111;135244;13,8788888889;3.8 NM ESE;105 ft;04/22;830x40;Grass;No;;;;;;91/96UL;123,600;Non-licensed AD;N;Hässleholm flygklubb;+46 (0)44 853 64;;;THR 22 displaced 120 m.
HÖGANÄS;ESMH;Y;561105;56,1847222222;123433;12,5758333333;1 NM SE;21 ft;14/32;800x50;Grass;Yes;06/24;510x50;Grass;No;;100LL, Jet A1, 91/96 UL;123,550;Non-licensed AD;N;Nordvästra Skånes Flygklubb;+46 (0)42 34 29 80 (AD);+46 (0)707 90 42 88;;THR 24 displaced 100 m. THR 32 displaced 100 m during darkness. Right hand traffic circuit to RWY 06 and 32. Lighted obstacle 194 ft GND W THR 06.
IDRE;ESUE;Y;615211;61,8697222222;124122;12,6894444444;1 NM NW;1480 ft;15/33;1558x30;ASPH;Yes;;;;;-;;-;Non-licensed AD;N;Private;+46 (0)706 74 04 45;;;THR 15 displaced 591 m. Right hand traffic circuit to RWY 33.
JOKKMOKK;ESNJ;Y;662948;66,4966666667;200851;20,1475;10 NM SE;901 ft;14/32;2000x25;ASPH;Yes;;;;;-;;124,850;MIL, non-licensed AD;N;Military;;;PPR 72 HR TEL: +46 (0)920 23 43 02;
JÖNKÖPING;ESGJ;Y;574530;57,7583333333;140409;14,0691666667;3.5 NM WSW;741 ft;01/19;2203x45;ASPH;Yes;11/29;525x25;Grass;No;TWR;;Yes;Licensed, instrument AD;Y;Municipal;;;;
KALIXFORS;ESUK;Y;674555;67,7652777778;201544;20,2622222222;;1550 ft;17/35;1200x40;ASPH;No;05/23;900x40;ASPH;No;-;;-;MIL, non-licensed AD;N;Military;+46 (0)980 120 70;;PPR;
KALMAR;ESMQ;Y;564108;56,6855555556;161715;16,2875;2.5 NM WNW;18 ft;16/34;2320x45;ASPH;Yes;05/23;656x40;ASPH;No;TWR/APP;;Yes;Licensed, instrument AD;Y;Municipal;;;;
KARLSBORG;ESIA;Y;583049;58,5136111111;143026;14,5072222222;;310 ft;06/24;2289x40;ASPH;Yes;;;;;TWR;;Yes;MIL, non-licensed AD;Y;FM/Swedish Armed Forces;;;;
KARLSKOGA;ESKK;Y;592040;59,3444444444;142941;14,4947222222;1.5 NM NNW;400 ft;03/21;1499x30;ASPH;Yes;;;;;;100LL, Jet A1;130,175;Non-licensed AD;N;Private;+46 (0)586 533 60;Fax +46 (0)586 517 31;PPR;Right hand traffic circuit to RWY 21. Other motor and glider activity may occur.
KARLSTAD;ESOK;Y;592641;59,4447222222;132015;13,3375;6.5 NM NW;352 ft;03/21;2516x45;ASPH;Yes;;;;;TWR;;Yes;Licensed, instrument AD;Y;Municipal;;;;
KATRINEHOLM;ESVK;Y;590120;59,0222222222;161313;16,2202777778;1 NM N;132 ft;15/33;700x40;Grass;No;;;;;;91/96;123,200;Non-licensed AD;N;Katrineholm flygklubb;+46 (0)150 150 72 (AD);+46 (0)705 40 01 93;PPR; +46 (0)702 74 16 54. THR 33 displaced 100 m. Right hand traffic circuit for powered aircraft when RWY 33 is in use.
KIRUNA;ESNQ;Y;674917;67,8213888889;202008;20,3355555556;3 NM ESE;1509 ft;03/21;2502x45;ASPH;Yes;;;;;TWR;;Yes;Licensed, instrument AD;Y;Swedavia AB;;;;
KRAMFORS-SOLLEFTEÅ;ESNK;Y;202008;20,3355555556;202008;20,3355555556;10 NM N;34 ft;17/35;2001x45;ASPH;Yes;;;;;AFIS;;Yes;Licensed, instrument AD;Y;Municipal;;;;
KRISTIANSTAD;ESMK;Y;555514;55,9205555556;140507;14,0852777778;7.5 NM S Kristianstad;76 ft;01/19;2215x45;ASPH;Yes;11/29;480x35;Grass;No;TWR;;Yes;Licensed, instrument AD;Y;Municipal;;;;
KÅGERÖD;ESMJ;Y;555942;55,995;130312;13,0533333333;;276 ft;11/29;800x35;Grass;No;;;;;-;;-;Non-licensed AD;N;Private;+46 (0)418 802 50;+46 (0)418 802 51;PPR;THR 11 displaced 200 m. THR 29 displaced 150 m.
KÖPING;ESVQ;Y;593139;59,5275;155811;15,9697222222;;25 ft;07/25;700x50;Grass;Yes;;;;;;100LL, 91/96 UL;123,150;Non-licensed AD;N;Köping flygklubb;+46 (0)221 204 45;+46 (0)708 63 92 99;PN;THR 07 displaced 100 m. Right hand traffic circuit to RWY 25.
LANDSKRONA;ESML;Y;555640;55,9444444444;125210;12,8694444444;4.3 NM NNE;194 ft;12R/30L;1180x30;ASPH;Yes;12L/30R;1050x90;Grass;Yes;;100LL, 91/96 UL;123,350;Non-licensed AD;N;Municipal;+46 (0)418 750 10;Fax +46 (0)418 750 34;PPR for repeated take-offs and landings.;THR 12R displaced 105 m. THR 30L displaced 60 m. Right hand traffic circuit to RWY 12R for powered aeroplanes and helicopters and to RWY 30R for gliders. Climb to 1000 ft GND until commencing turn. PCL on freq 123.350 MHz, 30 sec duration. Not avbl 2000-0600 (1900-0500). Motor activity may occur.
LIDKÖPING;ESGL;Y;582755;58,4652777778;131028;13,1744444444;2.5 NM S Lidköping;200 ft;06/24;1990x45;ASPH;Yes;06/24;900x50;Grass;No;;100LL, 91/96 UL, Jet A1;123,050;Non-licensed AD;N;Municipal;+46 (0)510 222 38;+46 (0)510 53 51 00 Glider info;;PCL on freq 123.050 MHz, 10 sec duration. Right hand circuit applies during take-off and landing on glider strip 06. Repeated take-off and landing exercises (TGL) during darkness only permitted ordinary Tuesdays 1700-2000 (1600-1900). anders.carlander@lidkopingairport.com www.lidkopingairport.com
LINKÖPING/Malmen;ESCF;Y;582352;58,3977777778;153122;15,5227777778;3 NM W;308 ft;01/19;2214x35;ASPH;Yes;08/26;1870x37;ASPH;Yes;TWR;;Yes;MIL, licensed, instrument AD;Y;FM/Swedish Armed Forces;;;;
LINKÖPING/Saab;ESSL;Y;582423;58,4063888889;154047;15,6797222222;2 NM E;172 ft;11/29;2130x40;ASPH;Yes;;;;;TWR;;Yes;Licensed, instrument AD;Y;Private;;;;
LJUNGBY/Feringe;ESMG;Y;565701;56,9502777778;135518;13,9216666667;7 NM NE Ljungby;538 ft;01/19;1150x30;ASPH;No;;;;;;100LL, Jet A1;123,350;Non-licensed AD;N;Feringe flygklubb;+46 (0)705 98 19 85;+46 (0)370 819 85;PPR;Motor activities may occur.
LJUNGBYHED;ESTL;Y;560507;56,0852777778;131225;13,2069444444;1 NM W Ljungbyhed;139 ft;11L/29R;2010x40;ASPH;Yes;11R/29L;1989x40;ASPH/CONC;Yes;TWR;;Yes;Licensed, instrument AD;Y;Municipal;;;;
LJUSDAL;ESUL;Y;614901;61,8169444444;160015;16,0041666667;2.0 NM WSW;485 ft;09/27;620x35;Grass;No;;;;;;100LL, 91/96 UL;123,200;Non-licensed AD;N;Ljusdal flygklubb;+46 (0)651 107 46;+46 (0)651 334 56;; +46 (0)706 95 50 09. Overflying of surface quarry on 614800N 0155900E 1000m S of Ljusdal AD should be avoided below 2000 ft MSL.
LUDVIKA;ESSG;Y;600518;60,0883333333;150547;15,0963888889;2 NM WSW Ludvika;894 ft;01/19;819x30;ASPH;Yes;;;;;;91/96;122,100;Non-licensed AD;N;Municipal;+46 (0)240 121 11;+46 (0)705 23 21 11;;Turbulence over RWY when wind from the east. Motor activities on RWY weekdays 1 APR-30 SEP 0600-1200 (0500-1100) 1 OCT-31 MAR 0600-1500 (0500-1400)
LULEÅ/Kallax;ESPA;Y;653236;65,5433333333;220725;22,1236111111;2.5 NM S;65 ft;14/32;3350x45;ASPH;Yes;;;;;TWR;;Yes;MIL, licensed, instrument AD;Y;FM/Swedish Armed Forces;;;;
LYCKSELE;ESNL;Y;643251;64,5475;184304;18,7177777778;3 NM SSE;705 ft;14/32;2090x45;ASPH;Yes;;;;;AFIS;;Yes;Licensed, instrument AD;Y;Municipal;;;;
MALMÖ;ESMS;Y;553254;55,5483333333;132112;13,3533333333;13 NM ESE Malmö;236 ft;17/35;2800x45;ASPH;Yes;11/29;799x18;ASPH;No;TWR;;Yes;Licensed, instrument AD;Y;Swedavia AB;;;;
MALUNG/Skinnlanda;ESVM;Y;603932;60,6588888889;134336;13,7266666667;1.7 NM SSE;975 ft;16/34;800x23;ASPH;Yes;;;;;;91/96;123,325;Non-licensed AD;N;Malungs flygklubb;+46 (0)280 120 95;+46 (0)280 129 81;; +46 (0)705 88 23 16. Right hand traffic circuit when RWY 16 is in use. PCL on freq 123.325 MHz, 10 sec duration. RWY and lightning facilities TEMPO CLSD during winter season. Info on www.malungsflygklubb.se
MELLANSEL;ESUI;Y;632331;63,3919444444;181914;18,3205555556;13 NM NW Örnsköldsvik;265 ft;09/27;795x35;Grass;No;;;;;;91/96 UL;123,400;Non-licensed AD;N;Mellansels Flygklubb;+46 (0)660 910 54;+46 (0)660 922 00;;Further 235 m available in emergency when landing RWY 27.
MOHED;ESUM;Y;611728;61,2911111111;165047;16,8463888889;6 NM W Söderhamn;215 ft;12/30;800x30;ASPH;Yes;;;;;;100LL;123,600;Non-licensed AD;N;Municipal;+46 (0)270 42 54 56;+46 (0)706 61 06 11;;
MORA/Siljan;ESKM;Y;184304;18,7177777778;184304;18,7177777778;3.3 NM SSW;634 ft;16/34;1814x45;ASPH;Yes;;;;;AFIS;;Yes;Licensed, instrument AD;Y;Municipal;;;;
MUNKFORS;ESKO;Y;594756;59,7988888889;132926;13,4905555556;1.6 NM S;279 ft;03/21;700x40;Grass;No;;;;;;100LL;-;Non-licensed AD;N;Munkfors flygklubb;+46 (0)552 303 89 (AD);+46 (0)563 510 74;;Hangar
NORRKÖPING/Kungsängen;ESSP;Y;583510;58,5861111111;161447;16,2463888889;1.5 NM E;32 ft;09/27;2203x45;ASPH;Yes;11/29;600x35;Grass;No;TWR;;Yes;Licensed, instrument AD;Y;Municipal;;;;
NORRTÄLJE;ESSN;Y;594358;59,7327777778;184147;18,6963888889;1.6 NM S;40 ft;07/25;650x18;ASPH;Yes;;;;;;100LL, 91/96 UL;123,325;Non-licensed AD;N;Roslagens flygklubb;+46 (0)176 163 08;+46 (0)176 167 77;PPR for TGL during darkness.;RWY 07 down slope. APAPI Left/4.50° (MEHT 40 ft). RWY 25 up slope. APAPI Right/3.80° (MEHT 41ft). Right hand traffic circuit to RWY 07. PPR 1 APR-30 OCT TUE-WED-THU 0600-1100 (0500-1000). RWY lights 3 m outside ASPH edge. PCL on freq 123.325 MHz 15 sec duration. APAPI activated at 10 % intencity. TGL not allowed 2100-0600 (2000-0500) during weekdays and 1800-0800 (1700-0700) during HOL.
OPTAND;ESNM;Y;630731;63,1252777778;144830;14,8083333333;5 NM SE Östersund;1236 ft;18/36;1000x18;ASPH;Yes;15/33;750x40;Grass;No;;100LL;123,550;Non-licensed AD;N;Östersunds flygklubb;+46 (0)63 352 45;+46 (0)63 51 01 50;;Right hand traffic circuit to RWY 33 and 36. Situated near restricted area ES R08C.
ORSA;ESNR;Y;611132;61,1922222222;144309;14,7191666667;1 NM WNW Mässbacken;683 ft;03/21;1000x30;ASPH;No;;;;;-;;123,400;Non-licensed AD;N;Orsa Tallhed Flygsällskap;+46 (0)250 55 01 47;+46 (0)705 48 13 81;; +46 (0)706 38 10 70. +46 (0)762 73 11 01. Motor activities on RWY may occur. Grass area preferably for ultra light, winchlaunching of gliders and parachute jumping.
OSKARSHAMN;ESMO;Y;572107;57,3519444444;162954;16,4983333333;NNE 5.4 NM from Oskarshamn;96 ft;01/19;1504x30;ASPH;Yes;;;;;;100LL O/R;123,350;Non-Licensed AD;N;Municipal; +46 (0)725 62 19 86 Weekdays 0600-1500 (0500-1400);+46 (0)746 35 44 04;PPR NOV-MAR; +46 (0)704 30 42 12 Fuel. PCL on freq 123.350 MHz, 10 sec duration. Other activities may occur on RWY, TWY and apron. servicecenter@oskarshamn.se www.oskarshamn.se/flygplatsen
OVIKEN;ESUO;Y;630230;63,0416666667;140005;14,0013888889;;1640 ft;18/36;850x40;Grass;No;;;;;-;;123,150;Non-licensed AD;N;Private;+46 (0)702 88 64 19;+46 (0)706 41 59 41;PPR;Hangar. Caution - Low level turbulence/Lee wave rotor in wind directions from SW to NW.
PAJALA;ESUP;Y;671445;67,2458333333;230408;23,0688888889;6.5 NM W;542 ft;11/29;2302x45;ASPH;Yes;;;;;AFIS;;Yes;Licensed, instrument AD;Y;Municipal;;;;
PITEÅ;ESNP;Y;652354;65,3983333333;211539;21,2608333333;8 NM NW;43 ft;16/34;1000x25;ASPH;Yes;;;;;;100LL, Jet A1;123,550;Non-licensed AD;N;Piteå flygklubb;+46 (0)911 623 15;+46 (0)706 87 38 64;PPR;
RAMSELE;ESUR;Y;632925;63,4902777778;162901;16,4836111111;2.7 NM S;660 ft;14/32;740x30;Grass;No;;;;;;100LL, 91/96 UL;123,600;Non-licensed AD;N;Ramsele flygklubb;+46 (0)623 200 05;+46 (0)623 320 18;;THR 14 displaced 30 m. THR 32 displaced 60 m.
RONNEBY;ESDF;Y;561600;56,2666666667;151554;15,265;5 NM N;191 ft;01/19;2331x45;ASPH;Yes;;;;;TWR;;Yes;MIL, licensed instrument AD;Y;FM/Swedish Armed Forces;;;;
RÅDA;ESFR;Y;582953;58,4980555556;130317;13,0547222222;;230 ft;18/36;2000x35;ASPH;Yes;;;;;-;;-;MIL, non-licensed AD;N;Military;+46 (0)510 47 70 00 (Airport manager);;PPR;Permission will be granted in exceptional cases only.
SANDVIK;ESFS;Y;570406;57,0683333333;165151;16,8641666667;16 NM NNE Borgholm;36 ft;17/35;600x25;Grass;No;;;;;-;;123,450;Non-licensed AD;N;Private;+46 (0)720 62 60 53;+46 (0)704 61 66 75;PPR; +46 (0)705 40 33 76. Available APR-SEP
SILJANSNÄS;ESVS;Y;604706;60,785;144938;14,8272222222;1 NM NW;611 ft;14R/32L;850x16;ASPH;No;14L/32R;850x35;Grass;No;;100LL;123,550;Non-licensed AD;N;Siljansnäs flygklubb;+46 (0)247 228 80;+46 (0)247 228 51;;Right hand traffic circuit to RWY 14.
SJÖBO SÖVDE;ESMI;Y;553554;55,5983333333;134038;13,6772222222;2 NM SSW Sjöbo;118 ft;12/30;950x50;Grass;Yes;;;;;;91/96 UL;123,650;Non-licensed AD;N;Municipal;+46 (0)416 160 51;;;For powered aircraft right hand traffic circuit when RWY 30 is in use. For gliders right hand traffic circuit when RWY 12 is in use. APR-NOV extensive launchning of gliders.
SKELLEFTEÅ;ESNS;Y;643729;64,6247222222;210437;21,0769444444;8 NM SE;157 ft;10/28;2100x45;ASPH;Yes;;;;;TWR;;Yes;Licensed, instrument AD;Y;Municipal;;;;
SKÖVDE;ESGR;Y;582722;58,4561111111;135822;13,9727777778;5.4 NM NE;324 ft;01/19;1736x30;ASPH;Yes;;;;;AFIS;;Yes;Licensed, instrument AD;Y;Municipal;;;;
SMÅLANDSSTENAR;ESMY;Y;571007;57,1686111111;132624;13,44;;540 ft;04/22;915x15;ASPH;Yes;;;;;;100LL;123,200;Non-licensed AD;N;AB Varmförzinkning; +46 (0)371 343 00 MON-FRI 0630-1530 (0530-1430) info@varmforzinkning.se;;PPR;After TKOF RWY 22 climb on RWY heading until 700 ft AMSL (160 ft AGL). Turn right and climb on heading 235° to MNM 1500 ft AMSL (1000 ft AGL). PCL on freq 123.200 MHz, 20 sec duration.
SOLLEFTEÅ;ESNB;Y;631016;63,1711111111;165908;16,9855555556;2.4 NM WSW;433 ft;14/32;820x30;ASPH;Yes;;;;;;91/96 UL;122,350;Non-licensed AD;N;Municipal;+46 (0)620 214 00;+46 (0)620 216 81;;
STEGEBORG;ESVE;Y;582600;58,4333333333;163618;16,605;;6 ft;08/26;800x30;Grass;No;;;;;-;;123,550;Non-licensed AD;N;Stegeborgs Egendom AB;+46 (0)121 420 04;;;stegeborg@stegeborg.se www.stegeborg.se
STOCKHOLM/Arlanda;ESSA;Y;135822;13,9727777778;135822;13,9727777778;20 NM N;137 ft;01L/19R;3301x45;ASPH;Yes;01R/19L;2500x45;ASPH;Yes;TWR;;Yes;Licensed, instrument AD;Y;Swedavia AB;;;; 08/26 2500x45 ASPH Yes
STOCKHOLM/Bromma;ESSB;Y;592116;59,3544444444;175632;17,9422222222;4 NM WNW;47 ft;12/30;1668x45;ASPH;Yes;;;;;TWR;;Yes;Licensed, instrument AD;Y;Swedavia AB;;;;
STOCKHOLM/Gnesta;ESSZ;Y;590604;59,1011111111;171240;17,2111111111;4.5 NM NW Gnesta;56 ft;03/21;650x50;Grass;No;15/33;630x30;Grass;Yes;;91/96 UL;123,350;Non-licensed AD;N;Östra Sörmlands flygklubb;;;PPR 2100-0500 (2000-0400),;info@osfk.se . THR 03 displaced 170 m. THR 33 displaced 85 m. TGL prohibited 2000-0600 (1900-0500). After TKOF RWY 15/33, climb on RWY HDG to MNM 1500ft AMSL. Use RWY 03/21 only in strong wind. Avoid overflying of built-up areas. PCL RWY 15/33 on 123.35 MHz, 10 sec duration. Caution, glider flying close to airport
STOCKHOLM/Skavsta;ESKN;Y;584719;58,7886111111;165413;16,9036111111;3 NM NW Nyköping;140 ft;08/26;2880x45;ASPH;Yes;16/34;2039x40;ASPH;Yes;TWR;;Yes;Licensed, instrument AD;Y;Private;;;;
STOCKHOLM/Skå-Edeby;ESSE;Y;592042;59,345;174426;17,7405555556;10 NM W;17 ft;11/29;800x50;Grass;No;03/21;650x65;Grass;No;;100LL;123,200;Non-licensed AD;N;Municipal;+46 (0)705 48 85 85;;PPR;Answerphone +46 (0)8 560 405 74. Helicopter traffic not accepted exc police and rescue operations. ATZ established, ref ENR 2.2 Hangar and repair.
STOCKHOLM/Västerås;ESOW;Y;593522;59,5894444444;163801;16,6336111111;3 NM E Västerås;21 ft;01/19;2581x46;ASPH;Yes;;;;;TWR;;Yes;Licensed, instrument AD;Y;Municipal;;;;
STORUMAN;ESUD;Y;645739;64,9608333333;174148;17,6966666667;16 NM ESE;915 ft;15/33;2283x40;ASPH;Yes;;;;;AFIS;;Yes;Licensed, instrument AD;Y;Municipal;;;;
STORVIK/Lemstanäs;ESOL;Y;603516;60,5877777778;163512;16,5866666667;;210 ft;06/24;620x23;ASPH;No;;;;;;100LL;123,550;Non-licensed AD;N;Västra Gästrike flygklubb;+46 (0)290 375 97;;;Right hand traffic circuit to RWY 06. THR 06 displaced 150 m.
STRÖMSTAD/Näsinge;ESGS;Y;590101;59,0169444444;112037;11,3436111111;7 NM NE;115 ft;03/21;900x53;Grass;No;03/21;900x53;Grass;No;;100LL, Jet A1;123,550;Non-licensed AD;N;Municipal;+46 (0)526 190 00 (Exch);+46 (0)526 311 37;PPR; +46 (0)733 74 72 00
SUNDBRO;ESKC;Y;595522;59,9227777778;173212;17,5366666667;5 NM NW Uppsala;62 ft;03/21;630x40;Grass;Yes;08/26;500x60;Grass;No;;100LL, 91/96 UL;123,350;Non-licensed AD;N;Uppsala Flygklubb;+46 (0)18 35 70 13 (AD);+46 (0)704 93 32 40 (Info, PPR);; +46 (0)733 77 11 10 (Info PPR). www.uppsalaflygklubb.se . Situated within Uppsala CTR. Right hand traffic circuit to RWY 03 and 08. TKOF RWY 21: immediate right turn to track 217° MAG. PCL on freq 123.350 MHz, 5 transmissions of APRX 0.5 sec during 10 sec. Flying permitted: MON-THU: 0700-1900 (0600-1800) FRI: 0700-1600 (0600-1500) SAT, SUN, day before HOL, HOL: 0800-1600 (0700-1500). Other times PPR. In addition between 15 JUN-15 AUG: SUN, day before HOL, HOL: PPR. PPR for school flights and glider towing. Landing with gliders exempted from PPR. Fuel HX: Cash
SUNDSVALL-TIMRÅ;ESNN;Y;623146;62,5294444444;172634;17,4427777778;9 NM NNE;17 ft;16/34;1954x45;ASPH;Yes;;;;;TWR;;Yes;Licensed, instrument AD;Y;Municipal;;;;
SUNNE;ESKU;Y;595137;59,8602777778;130646;13,1127777778;1.5 NM NW;380 ft;01/19;770x100;Grass;No;;;;;;100LL;123,200;Non-licensed AD;N;Municipal;+46 (0)565 101 11;+46 (0)565 77 01 55;; +46 (0)703 73 05 66. THR 01 displaced 130 m.
SVEG;ESND;Y;172634;17,4427777778;172634;17,4427777778;2.4 NM NE;1178 ft;09/27;1702x30;ASPH;Yes;;;;;AFIS;;Yes;Licensed, instrument AD;Y;Municipal;;;;
SÅTENÄS;ESIB;Y;582542;58,4283333333;124240;12,7111111111;14 NM W Lidköping;181 ft;01/19;2264x40;ASPH;Yes;11/29;1933x40;ASPH;Yes;TWR;;Yes;MIL, licensed, instument AD;Y;FM/Swedish Armed Forces;;;;
SÄFFLE;ESGY;Y;590528;59,0911111111;125730;12,9583333333;2.7 NM S;151 ft;01/19;690x50;Grass;No;;;;;;91/96;123,600;Licensed AD;N;Säffle flygklubb;+46 (0)533 180 29;+46 (0)533 162 96;;+46 (0)705 09 04 92
SÖDERHAMN;ESNY;Y;611541;61,2613888889;170554;17,0983333333;2.5 NM SE Söderhamn;88 ft;12/30;2524x40;ASPH;No;;;;;;100LL, Jet A1;135,350;Non-licenced AD;N;Municipal;+46 (0)270 766 50,;+46 (0)70 340 33 10;PPR;Fuel +46 (0)70 632 55 00, +46 (0)70 632 77 70. Right hand traffic circuit RWY 12.
TIDAHOLM/Bämmelshed;ESGD;Y;581131;58,1919444444;135944;13,9955555556;;456 ft;04/22;675x50;Grass;No;;;;;;91/96;123,650;Non-licensed AD;N;Tidaholms flygklubb;+46 (0)502 330 84;+46 (0)708 33 08 41;PPR;Right hand traffic circuit to RWY 22. Downdraft may occur when easterly winds. THR 04 displaced 15 m.
TIERP;ESKT;Y;602042;60,345;172519;17,4219444444;2.7 NM W Tierp;129 ft;16/34;850x35;ASPH;No;;;;;;91/96 UL;123,400;Non-licensed AD;N;Tierp ARENA AB;Norra Upplands flygklubb +46 (0)76 78 60 088;AD manager +46 (0)73 65 22 211;;THR 34 displaced 100 m. Right hand traffic circuit to RWY 34.
TORSBY;ESST;Y;600917;60,1547222222;125937;12,9936111111;1.5 NM NNW;393 ft;16/34;1590x30;ASPH;Yes;;;;;AFIS;;Yes;Licensed, instrument AD;Y;Municipal;;;;
TROLLHÄTTAN-VÄNERSBORG;ESGT;Y;581905;58,3180555556;122042;12,345;2.9 NM NE;137 ft;15/33;1710x30;ASPH;Yes;;;;;TWR;;Yes;Licensed, instrument AD;Y;Municipal;;;;
UDDEVALLA/Backamo;ESGA;Y;581038;58,1772222222;115825;11,9736111111;10.4 NM S Uddevalla;424 ft;06/24;760x30;Grass;No;;;;;;100LL, 91/96 UL;123,550;Non-licensed AD;N;Municipal;+46 (0)522 233 65;+46 (0)705 52 33 65;PPR; +46 (0)522 69 60 00.
UDDEVALLA/Rörkärr;ESGU;Y;582204;58,3677777778;114631;11,7752777778;5.0 NM NW;120 ft;03/21;655x30;Grass;No;;;;;;100LL;123,550;Non-licensed AD;N;Private;+46 (0)522 824 14;+46 (0)522 355 55;PPR;
UMEÅ;ESNU;Y;634735;63,7930555556;201648;20,28;2.5 NM S;24 ft;14/32;2302x45;ASPH;Yes;;;;;TWR;;Yes;Licensed, instrument AD;Y;Swedavia AB;;;;
UPPSALA;ESCM;Y;595401;59,9002777778;173533;17,5925;2.5 NM NW;68 ft;08/26;2010x40;ASPH;Yes;03/21;190 x40;ASPH;Yes;WR/APP;;Yes;MIL, non-licensed AD;Y;FM/Swedish Armed Forces;;;;
VARBERG;ESGV;Y;570729;57,1247222222;121341;12,2280555556;1.5 NM NW;3 ft;06/24;600x50;Grass;Yes;12/30;560x40;Grass;Yes;;100LL, 91/96 UL;123,150;Licensed AD;N;Municipal;+46 (0)340 198 00;+46 (0)340 150 40;PPR 1 dec-15 apr.;Special permission required to use RWY 06/24. PCL on freq 123.150 MHz, 10 sec duration.
VELLINGE;ESTT;Y;552346;55,3961111111;130131;13,0252777778;;12 ft;03/21;730x30;Grass;No;;;;;;100LL;123,400;Non-licensed AD;N;Söderslätts flygklubb;+46 (0)410 33 04 50;+46 (0)708 56 78 09;; +46 (0)709 54 76 32. +46 (0)703 19 53 60. +46 (0)708 11 81 28. Obstacle 1 NM NE AD. Right hand traffic circuit to RWY 03.
VIDSEL;ESPE;Y;655231;65,8752777778;200900;20,15;10.5 NM WNW;597 ft;11/29;2230x35;ASPH;Yes;;;;;TWR;;Yes;MIL, non-licensed AD;Y;FM/Swedish Armed Forces;;;;
VILHELMINA;ESNV;Y;643443;64,5786111111;165023;16,8397222222;5 NM SE;1140 ft;10/28;1502x30;ASPH;Yes;;;;;AFIS;;Yes;Licensed, instrument AD;Y;Municipal;;;;
VISBY;ESSV;Y;573946;57,6627777778;182046;18,3461111111;2 NM NE;164 ft;03/21;2000x45;ASPH;Yes;10/28;1100x40;Grass;No;TWR;;Yes;Licensed, instrument AD;Y;Swedavia AB;;;;
VISINGSÖ;ESSI;Y;580555;58,0986111111;142409;14,4025;;309 ft;15/33;800x25;Grass;No;01/19;600x25;Grass;No;-;;123,500;Non-licensed AD;N;Jönköpings flygklubb;+46 (0)390 402 77;+46 (0)36 31 12 20;;
VÅRGÅRDA;ESGO;Y;580221;58,0391666667;124709;12,7858333333;0.8 NM NW;328 ft;04/22;890x30;ASPH;No;;;;;;Jet A1 O/R;123,650;Non-licensed AD;N;Vårgårda Flygplats AB;+46 (0)0707 91 35 94;;PPR;THR 04 displaced 200 m. THR 22 displaced 40 m. Right hand circuit to RWY 22. MAR-OCT intensive parachute jumping. Motor activities on RWY may occur. After take-off RWY 04 turn left immediately, climb on track 015° to 1000 ft GND before commencing turn. After take-off RWY 22 turn left immediately, climb on track 210° to 1000 ft GND before commencing turn. Overflying Vårgårda village SE of AD shall be avoided below 2300 ft MSL.
VÄSTERVIK;ESSW;Y;574648;57,78;163125;16,5236111111;4 NM NW;129 ft;15R/33L;800x30;ASPH;Yes;15L/33R;800x60;Grass;Yes;;100LL, Jet A1;123,250;Non-licensed AD;N;Municipal;+46 (0)490 240 50;+46 (0)490 880 00;PPR +46 (0)703 98 27 30;PCL on freq 123.250 MHz, 10 sec duration.
VÄSTERÅS/Johannisberg;ESSX;Y;593433;59,5758333333;163011;16,5030555556;2.5 NM SW;25 ft;05/23;850x23;ASPH;Yes;16/34;700x50;Grass;No;;100LL;123,650;Non-licensed AD;N;Municipal;+46 (0)21 13 56 12;;;Right hand traffic circuit when RWY 05 or RWY 16 is in use. Take off and landing exercises not allowed: MON-FRI 1700-0700 (1600-0600) SAT-SUN 1500-0900 (1400-0800) HOL H24. ATZ established, ref ENR 2.2
VÄXJÖ/Kronoberg;ESMX;Y;565549;56,9302777778;144344;14,7288888889;3.5 NM NW;610 ft;01/19;2106x45;ASPH;Yes;;;;;TWR;;Yes;Licensed, instrument AD;Y;Municipal;;;;
ÅLLEBERG;ESGC;Y;580805;58,1347222222;133609;13,6025;3 NM SE Falköping;1099 ft;03/21;550x30;Grass;No;;;;;;100LL, 91/96 UL;123,400;Non-licensed AD;N;KSAK;+46 (0)515 371 51;;PPR;
ÅNGE/Tälje;ESUJ;Y;623355;62,5652777778;155005;15,8347222222;;427 ft;14/32;720x30;Grass;No;;;;;;100LL;123,150;Non-licensed AD;N;Ånge flygklubb;+46 (0)690 222 50;+46 (0)690 230 08;;
ÅRE ÖSTERSUND;ESNZ;Y;631140;63,1944444444;143001;14,5002777778;4.5 NM W;1233 ft;12/30;2500x45;ASPH;Yes;;;;;TWR/APP;;Yes;Licensed, instrument AD;Y;Swedavia AB;;;;
ÅSELE;ESUS;Y;640933;64,1591666667;171628;17,2744444444;2.2 NM W;1011 ft;12/30;1200x30;Grass;No;;;;;;100LL;123,600;Non-licensed AD;N;Municipal;+46 (0)941 140 00;;;THR 12 and 30 displaced 100 m.
ÄLMHULT/Möckeln;ESMU;Y;563414;56,5705555556;140959;14,1663888889;2.5 NM NNE;480 ft;03/21;604x30;Grass;No;;;;;;100LL, 91/96 UL;123,600;Non-licensed AD;N;Älmhults flygklubb;+46 (0)476 147 44;+46 (0)705 18 55 22;PPR;Right hand traffic circuit to RWY 03.
ÄLVSBYN;ESUV;Y;653845;65,6458333333;210341;21,0613888889;1.1 NM SE;227 ft;04/22;730x30;Grass;No;;;;;;100LL;123,350;Non-licensed AD;N;Älvsbyn flygklubb;+46 (0)929 558 10;+46 (0)929 558 16;;THR 04 displaced 90 m. THR 22 displaced 80 m.
ÄNGELHOLM;ESTA;Y;561728;56,2911111111;125118;12,855;4 NM N Ängelholm;60 ft;14/32;1945x45;ASPH;Yes;;;;;TWR;;Yes;Licensed, instrument AD;Y;Private;;;;
ÖLANDA;ESMZ;Y;571943;57,3286111111;170301;17,0502777778;5 NM N Böda;27 ft;15/33;600x23;ASPH;No;;;;;-;;-;Non-licensed AD;N;Ölanda flyg- och motorklubb;+46 (0)485 281 41 (AD JUN-AUG);+46 (0)705 16 20 22;PPR;
ÖREBRO;ESOE;Y;591341;59,2280555556;150224;15,04;5.6 NM WSW;188 ft;01/19;2602x45;ASPH;Yes;;;;;TWR;;Yes;Licensed, instrument AD;Y;Municipal;;;;
ÖRESTEN;ESGM;Y;572643;57,4452777778;123856;12,6488888889;5.4 NM SW Kinna;378 ft;06/24;680x35;Grass;No;;;;;;100LL O/R;123,200;Non-licensed AD;N;Öresten flygklubb;+46 (0)320 400 23;+46 (0)320 552 75;;+46 (0)300 54 38 30
ÖRNSKÖLDSVIK;ESNO;Y;632428;63,4077777778;185933;18,9925;10 NM NE;354 ft;12/30;2016x45;ASPH;Yes;;;;;TWR;;Yes;Licensed, instrument AD;Y;Municipal;;;;
